product,handle,variantID,reason,shopifyProduct
"Giant White and Gold Reversible Bow Earrings - Lightweight, Chunky, and Stunning!",giant-white-and-gold-reversible-bow-earrings,49722186105170,No exact linked photo in the visible app gallery,https://admin.shopify.com/store/weezypopshop/products/9681980588370
Smiley Flower Huggie Earrings,smiley-flower-huggie-earrings,49453640483154,No exact linked photo in the visible app gallery,https://admin.shopify.com/store/weezypopshop/products/9681981309266
Smiley Flower Huggie Earrings,smiley-flower-huggie-earrings,50108938125650,No exact linked photo in the visible app gallery,https://admin.shopify.com/store/weezypopshop/products/9681981309266
Smiley Huggie Earrings,smiley-huggie-earrings,49432927830354,No exact linked photo in the visible app gallery,https://admin.shopify.com/store/weezypopshop/products/9681981374802
Don't Be Jelly Huggie Earrings,dont-be-jelly-huggie-earrings,49432928256338,No exact linked photo in the visible app gallery,https://admin.shopify.com/store/weezypopshop/products/9681981571410
"Bow Huggie Earrings – Cute, Trendy and On-Point for Bow Season",bow-huggie-earrings,52573672833362,No exact linked photo in the visible app gallery,https://admin.shopify.com/store/weezypopshop/products/9681981735250
Tarot Card Huggie Hoop Earrings,tarot-card-huggies,51716856316242,No exact linked photo in the visible app gallery,https://admin.shopify.com/store/weezypopshop/products/10312996061522
Icon Cow Print Engraved Heart,icon-cow-print-engraved-heart,51758189609298,No exact linked photo in the visible app gallery,https://admin.shopify.com/store/weezypopshop/products/10323409240402
Pearly Starburst Huggies,pearly-starburst-huggies,52527066251602,No exact linked photo in the visible app gallery,https://admin.shopify.com/store/weezypopshop/products/10425220464978
Glitter Lightning Bolt Earrings | Terry de Havilland Collaboration,weezy-pop-terry-de-havilland-glitter-bolt-charm-earrings,54746394788178,No exact linked photo in the visible app gallery,https://admin.shopify.com/store/weezypopshop/products/10543181136210
Glitter Lightning Bolt Earrings | Terry de Havilland Collaboration,weezy-pop-terry-de-havilland-glitter-bolt-charm-earrings,54746394820946,No exact linked photo in the visible app gallery,https://admin.shopify.com/store/weezypopshop/products/10543181136210
Glitter Lightning Bolt Earrings | Terry de Havilland Collaboration,weezy-pop-terry-de-havilland-glitter-bolt-charm-earrings,54746394853714,No exact linked photo in the visible app gallery,https://admin.shopify.com/store/weezypopshop/products/10543181136210
Glitter Lightning Bolt Earrings | Terry de Havilland Collaboration,weezy-pop-terry-de-havilland-glitter-bolt-charm-earrings,54746394886482,No exact linked photo in the visible app gallery,https://admin.shopify.com/store/weezypopshop/products/10543181136210
Pamela the Pumpkin Charm | Boo Crew,pamela-pumpkin-halloween-charm,54899258392914,No exact linked photo in the visible app gallery,https://admin.shopify.com/store/weezypopshop/products/11190589292882
Boo the Ghost Charm | Boo Crew,boo-the-ghost-halloween-charm,54899566313810,No exact linked photo in the visible app gallery,https://admin.shopify.com/store/weezypopshop/products/11190659678546
The Complete Boo Crew – 3 Halloween Charms + Necklace Chain Set,the-complete-boo-crew-halloween-charm-set,54904271569234,No exact linked photo in the visible app gallery,https://admin.shopify.com/store/weezypopshop/products/11191198220626
The Complete Boo Crew – 3 Halloween Charms + Necklace Chain Set,the-complete-boo-crew-halloween-charm-set,54904271602002,No exact linked photo in the visible app gallery,https://admin.shopify.com/store/weezypopshop/products/11191198220626
The Complete Boo Crew – 3 Halloween Charms + Necklace Chain Set,the-complete-boo-crew-halloween-charm-set,54904271634770,No exact linked photo in the visible app gallery,https://admin.shopify.com/store/weezypopshop/products/11191198220626
The Complete Boo Crew – 3 Halloween Charms + Necklace Chain Set,the-complete-boo-crew-halloween-charm-set,54904271667538,No exact linked photo in the visible app gallery,https://admin.shopify.com/store/weezypopshop/products/11191198220626
The Complete Boo Crew – 3 Halloween Charms + Necklace Chain Set,the-complete-boo-crew-halloween-charm-set,54904271700306,No exact linked photo in the visible app gallery,https://admin.shopify.com/store/weezypopshop/products/11191198220626
The Complete Boo Crew – 3 Halloween Charms + Necklace Chain Set,the-complete-boo-crew-halloween-charm-set,54904271733074,No exact linked photo in the visible app gallery,https://admin.shopify.com/store/weezypopshop/products/11191198220626
The Complete Boo Crew – 3 Halloween Charms + Necklace Chain Set,the-complete-boo-crew-halloween-charm-set,54904271765842,No exact linked photo in the visible app gallery,https://admin.shopify.com/store/weezypopshop/products/11191198220626
