id,title,journey,owner
LG-01-basket-gift-card,LG-01-basket-gift-card,Launch gaps / regression,Production app
LG-01-basket-gift-card-more,LG-01-basket-gift-card-more,Launch gaps / regression,Production app
LG-01-basket-gift-card-largest,LG-01-basket-gift-card-largest,Launch gaps / regression,Production app
LG-01-basket-gift-card-largest-more,LG-01-basket-gift-card-largest-more,Launch gaps / regression,Production app
LG-01-basket-gift-card-largest-more-2,LG-01-basket-gift-card-largest-more-2,Launch gaps / regression,Production app
LG-01-basket-gift-card-largest-more-3,LG-01-basket-gift-card-largest-more-3,Launch gaps / regression,Production app
LG-01-gift-card-edit,LG-01-gift-card-edit,Launch gaps / regression,Production app
LG-01-gift-card-edit-more,LG-01-gift-card-edit-more,Launch gaps / regression,Production app
LG-02-your-orders-gift,LG-02-your-orders-gift,Launch gaps / regression,Production app
LG-02-your-orders-scheduled,LG-02-your-orders-scheduled,Launch gaps / regression,Production app
LG-02-your-orders-mixed,LG-02-your-orders-mixed,Launch gaps / regression,Production app
LG-03-checkout-return-gift,LG-03-checkout-return-gift,Launch gaps / regression,Production app
LG-03-checkout-return-scheduled,LG-03-checkout-return-scheduled,Launch gaps / regression,Production app
LG-03-checkout-return-mixed,LG-03-checkout-return-mixed,Launch gaps / regression,Production app
LG-03-checkout-return-gift-largest,LG-03-checkout-return-gift-largest,Launch gaps / regression,Production app
LG-03-checkout-return-gift-largest-more,LG-03-checkout-return-gift-largest-more,Launch gaps / regression,Production app
LG-03-checkout-return-gift-largest-more-2,LG-03-checkout-return-gift-largest-more-2,Launch gaps / regression,Production app
S2-03-set-page,S2-03-set-page,Launch gaps / regression,Production app
S2-03-set-page-more,S2-03-set-page-more,Launch gaps / regression,Production app
S2-03-set-page-largest,S2-03-set-page-largest,Launch gaps / regression,Production app
S2-03-set-page-largest-more,S2-03-set-page-largest-more,Launch gaps / regression,Production app
S2-03-set-page-largest-more-2,S2-03-set-page-largest-more-2,Launch gaps / regression,Production app
S2-03-set-page-largest-more-3,S2-03-set-page-largest-more-3,Launch gaps / regression,Production app
S2-03-set-page-largest-more-4,S2-03-set-page-largest-more-4,Launch gaps / regression,Production app
S2-03-set-page-snack,S2-03-set-page-snack,Launch gaps / regression,Production app
S2-03-set-page-snack-more,S2-03-set-page-snack-more,Launch gaps / regression,Production app
S2-03-set-page-snack-largest,S2-03-set-page-snack-largest,Launch gaps / regression,Production app
S2-03-set-page-snack-largest-more,S2-03-set-page-snack-largest-more,Launch gaps / regression,Production app
S2-03-set-page-snack-largest-more-2,S2-03-set-page-snack-largest-more-2,Launch gaps / regression,Production app
S2-03-set-page-snack-largest-more-3,S2-03-set-page-snack-largest-more-3,Launch gaps / regression,Production app
S2-03-set-page-snack-largest-more-4,S2-03-set-page-snack-largest-more-4,Launch gaps / regression,Production app
FF-06-how-it-snaps,FF-06-how-it-snaps,Launch gaps / regression,Production app
FF-06-how-it-snaps-largest,FF-06-how-it-snaps-largest,Launch gaps / regression,Production app
FF-06-how-it-snaps-largest-more,FF-06-how-it-snaps-largest-more,Launch gaps / regression,Production app
FF-06-how-it-snaps-largest-more-2,FF-06-how-it-snaps-largest-more-2,Launch gaps / regression,Production app
FF-06-how-it-snaps-largest-more-3,FF-06-how-it-snaps-largest-more-3,Launch gaps / regression,Production app
FF-07-gift-cards,FF-07-gift-cards,Launch gaps / regression,Production app
FF-07-gift-cards-more,FF-07-gift-cards-more,Launch gaps / regression,Production app
APPROOT-FF06-full-width-largest,APPROOT-FF06-full-width-largest,Launch gaps / regression,Production app
APPROOT-FF06-full-width,APPROOT-FF06-full-width,Launch gaps / regression,Production app
LG-04-explainer-timing,LG-04-explainer-timing,Launch gaps / regression,Production app
S2-01-sets-feed,S2-01-sets-feed,Launch gaps / regression,Production app
S2-01-sets-feed-largest,S2-01-sets-feed-largest,Launch gaps / regression,Production app
S2-01-sets-feed-largest-more,S2-01-sets-feed-largest-more,Launch gaps / regression,Production app
S2-01-sets-feed-largest-more-2,S2-01-sets-feed-largest-more-2,Launch gaps / regression,Production app
RELEASE28-SHOP,RELEASE28-SHOP,Launch gaps / regression,Production app
H-01-hot-set,H-01-hot-set,Launch gaps / regression,Production app
T-02-terry-set-page,T-02-terry-set-page,Launch gaps / regression,Production app
T-02-terry-set-page-more,T-02-terry-set-page-more,Launch gaps / regression,Production app
T-02-terry-set-page-more-2,T-02-terry-set-page-more-2,Launch gaps / regression,Production app
T-02-terry-set-page-largest,T-02-terry-set-page-largest,Launch gaps / regression,Production app
T-02-terry-set-page-largest-more,T-02-terry-set-page-largest-more,Launch gaps / regression,Production app
T-02-terry-set-page-largest-more-2,T-02-terry-set-page-largest-more-2,Launch gaps / regression,Production app
T-02-terry-set-page-largest-more-3,T-02-terry-set-page-largest-more-3,Launch gaps / regression,Production app
T-02-terry-set-page-largest-more-4,T-02-terry-set-page-largest-more-4,Launch gaps / regression,Production app
T-02-terry-set-page-largest-more-5,T-02-terry-set-page-largest-more-5,Launch gaps / regression,Production app
FF-01-set-pager,FF-01-set-pager,Launch gaps / regression,Production app
FF-01-set-pager-more,FF-01-set-pager-more,Launch gaps / regression,Production app
FF-02A-product-default,FF-02A-product-default,Launch gaps / regression,Production app
FF-02A-product-default-more,FF-02A-product-default-more,Launch gaps / regression,Production app
FF-02-info-photo,FF-02-info-photo,Launch gaps / regression,Production app
FF-03-photo-viewer,FF-03-photo-viewer,Launch gaps / regression,Production app
FF-04-my-charms-filter-empty,FF-04-my-charms-filter-empty,Launch gaps / regression,Production app
G-14-my-charms-largest,G-14-my-charms-largest,Launch gaps / regression,Production app
G-14-my-charms-largest-more,G-14-my-charms-largest-more,Launch gaps / regression,Production app
G-14-my-charms-largest-more-2,G-14-my-charms-largest-more-2,Launch gaps / regression,Production app
G-14-my-charms-largest-more-3,G-14-my-charms-largest-more-3,Launch gaps / regression,Production app
G-14-my-charms-largest-more-4,G-14-my-charms-largest-more-4,Launch gaps / regression,Production app
G-24-settings-alerts-on,G-24-settings-alerts-on,Launch gaps / regression,Production app
G-24-settings-alerts-on-more,G-24-settings-alerts-on-more,Launch gaps / regression,Production app
FF-05-interchangeable-product,FF-05-interchangeable-product,Launch gaps / regression,Production app
FF-05-interchangeable-product-largest,FF-05-interchangeable-product-largest,Launch gaps / regression,Production app
FF-05-interchangeable-product-largest-more,FF-05-interchangeable-product-largest-more,Launch gaps / regression,Production app
FF-05-interchangeable-product-largest-more-2,FF-05-interchangeable-product-largest-more-2,Launch gaps / regression,Production app
FF-06-how-it-snaps-largest-more-4,FF-06-how-it-snaps-largest-more-4,Launch gaps / regression,Production app
FF-07-gift-cards-listing,FF-07-gift-cards-listing,Launch gaps / regression,Production app
FF-07-gift-cards-listing-more,FF-07-gift-cards-listing-more,Launch gaps / regression,Production app
FF-07-gift-cards-listing-largest,FF-07-gift-cards-listing-largest,Launch gaps / regression,Production app
FF-07-gift-cards-listing-largest-more,FF-07-gift-cards-listing-largest-more,Launch gaps / regression,Production app
FF-07-gift-cards-listing-largest-more-2,FF-07-gift-cards-listing-largest-more-2,Launch gaps / regression,Production app
FF-07-gift-cards-listing-largest-more-3,FF-07-gift-cards-listing-largest-more-3,Launch gaps / regression,Production app
FF-07-gift-cards-filled,FF-07-gift-cards-filled,Launch gaps / regression,Production app
FF-07-gift-cards-filled-more,FF-07-gift-cards-filled-more,Launch gaps / regression,Production app
FF-01-personal-set-pager,FF-01-personal-set-pager,Launch gaps / regression,Production app
FF-01-personal-set-pager-more,FF-01-personal-set-pager-more,Launch gaps / regression,Production app
FF-01-personal-set-pager-largest,FF-01-personal-set-pager-largest,Launch gaps / regression,Production app
FF-01-personal-set-pager-largest-more,FF-01-personal-set-pager-largest-more,Launch gaps / regression,Production app
FF-01-personal-set-pager-largest-more-2,FF-01-personal-set-pager-largest-more-2,Launch gaps / regression,Production app
FF-01-personal-set-pager-largest-more-3,FF-01-personal-set-pager-largest-more-3,Launch gaps / regression,Production app
FF-07-gift-card-payment-confirmed,FF-07-gift-card-payment-confirmed,Launch gaps / regression,Production app
HEADER-charms,HEADER-charms,Launch gaps / regression,Production app
HEADER-earrings,HEADER-earrings,Launch gaps / regression,Production app
HEADER-accessories,HEADER-accessories,Launch gaps / regression,Production app
HEADER-charm-chains,HEADER-charm-chains,Launch gaps / regression,Production app
FF-07-gift-cards-other-typed,FF-07-gift-cards-other-typed,Launch gaps / regression,Production app
T-02-terry-set-page-largest-more-6,T-02-terry-set-page-largest-more-6,Launch gaps / regression,Production app
T-02-terry-set-page-largest-more-7,T-02-terry-set-page-largest-more-7,Launch gaps / regression,Production app
T-02-terry-set-page-largest-more-8,T-02-terry-set-page-largest-more-8,Launch gaps / regression,Production app
T-02-terry-set-page-largest-more-9,T-02-terry-set-page-largest-more-9,Launch gaps / regression,Production app
G-14-my-charms-more,G-14-my-charms-more,Launch gaps / regression,Production app
G-14-my-charms-more-largest,G-14-my-charms-more-largest,Launch gaps / regression,Production app
B-03-share-card,B-03-share-card,Launch gaps / regression,Production app
G-14-my-charms,G-14-my-charms,Launch gaps / regression,Production app
G-14-my-charms-more-2,G-14-my-charms-more-2,Launch gaps / regression,Production app
G-15-my-wishlist,G-15-my-wishlist,Launch gaps / regression,Production app
S2-04-set-page,S2-04-set-page,Launch gaps / regression,Production app
S2-04-set-page-more,S2-04-set-page-more,Launch gaps / regression,Production app
S2-04-set-page-scrolled,S2-04-set-page-scrolled,Launch gaps / regression,Production app
G-16-set-page,G-16-set-page,Launch gaps / regression,Production app
G-16-set-page-more-2,G-16-set-page-more-2,Launch gaps / regression,Production app
G-16-set-page-more,G-16-set-page-more,Launch gaps / regression,Production app
G-16-set-page-scrolled,G-16-set-page-scrolled,Launch gaps / regression,Production app
T-01-terry-feed,T-01-terry-feed,Launch gaps / regression,Production app
T-02-terry-set-page-scrolled,T-02-terry-set-page-scrolled,Launch gaps / regression,Production app
OFFLINE-REGISTRATION-step-3,OFFLINE-REGISTRATION-step-3,Launch gaps / regression,Production app
RELEASE28-SHOP-largest,RELEASE28-SHOP-largest,Launch gaps / regression,Production app
RELEASE28-SHOP-largest-more,RELEASE28-SHOP-largest-more,Launch gaps / regression,Production app
RELEASE28-SHOP-largest-more-2,RELEASE28-SHOP-largest-more-2,Launch gaps / regression,Production app
G-15-my-wishlist-largest,G-15-my-wishlist-largest,Launch gaps / regression,Production app
G-15-my-wishlist-largest-more,G-15-my-wishlist-largest-more,Launch gaps / regression,Production app
G-15-my-wishlist-largest-more-2,G-15-my-wishlist-largest-more-2,Launch gaps / regression,Production app
G-15-my-wishlist-largest-more-3,G-15-my-wishlist-largest-more-3,Launch gaps / regression,Production app
S2-04-set-page-largest,S2-04-set-page-largest,Launch gaps / regression,Production app
S2-04-set-page-largest-more,S2-04-set-page-largest-more,Launch gaps / regression,Production app
S2-04-set-page-largest-more-2,S2-04-set-page-largest-more-2,Launch gaps / regression,Production app
S2-04-set-page-largest-more-3,S2-04-set-page-largest-more-3,Launch gaps / regression,Production app
S2-04-set-page-largest-more-4,S2-04-set-page-largest-more-4,Launch gaps / regression,Production app
S2-04-set-page-scrolled-largest,S2-04-set-page-scrolled-largest,Launch gaps / regression,Production app
G-16-set-page-largest,G-16-set-page-largest,Launch gaps / regression,Production app
G-16-set-page-largest-more,G-16-set-page-largest-more,Launch gaps / regression,Production app
G-16-set-page-largest-more-2,G-16-set-page-largest-more-2,Launch gaps / regression,Production app
G-16-set-page-largest-more-3,G-16-set-page-largest-more-3,Launch gaps / regression,Production app
G-16-set-page-more-largest,G-16-set-page-more-largest,Launch gaps / regression,Production app
G-16-set-page-scrolled-largest,G-16-set-page-scrolled-largest,Launch gaps / regression,Production app
T-01-terry-feed-largest,T-01-terry-feed-largest,Launch gaps / regression,Production app
T-01-terry-feed-largest-more,T-01-terry-feed-largest-more,Launch gaps / regression,Production app
T-01-terry-feed-largest-more-2,T-01-terry-feed-largest-more-2,Launch gaps / regression,Production app
T-02-terry-set-page-scrolled-largest,T-02-terry-set-page-scrolled-largest,Launch gaps / regression,Production app
G-24-settings-alerts-on-more-largest,G-24-settings-alerts-on-more-largest,Launch gaps / regression,Production app
OFFLINE-REGISTRATION-step-3-largest,OFFLINE-REGISTRATION-step-3-largest,Launch gaps / regression,Production app
OFFLINE-REGISTRATION-step-3-largest-more,OFFLINE-REGISTRATION-step-3-largest-more,Launch gaps / regression,Production app
OFFLINE-REGISTRATION-step-3-largest-more-2,OFFLINE-REGISTRATION-step-3-largest-more-2,Launch gaps / regression,Production app
OFFLINE-REGISTRATION-step-3-largest-more-3,OFFLINE-REGISTRATION-step-3-largest-more-3,Launch gaps / regression,Production app
OFFLINE-REGISTRATION-step-3-largest-more-4,OFFLINE-REGISTRATION-step-3-largest-more-4,Launch gaps / regression,Production app
T-03-terry-basket,T-03-terry-basket,Launch gaps / regression,Production app
T-03-terry-basket-more,T-03-terry-basket-more,Launch gaps / regression,Production app
T-03-terry-basket-more-2,T-03-terry-basket-more-2,Launch gaps / regression,Production app
T-03-terry-basket-largest,T-03-terry-basket-largest,Launch gaps / regression,Production app
T-03-terry-basket-largest-more,T-03-terry-basket-largest-more,Launch gaps / regression,Production app
T-03-terry-basket-largest-more-2,T-03-terry-basket-largest-more-2,Launch gaps / regression,Production app
T-03-terry-basket-largest-more-3,T-03-terry-basket-largest-more-3,Launch gaps / regression,Production app
T-03-terry-basket-largest-more-4,T-03-terry-basket-largest-more-4,Launch gaps / regression,Production app
T-03-terry-basket-largest-more-5,T-03-terry-basket-largest-more-5,Launch gaps / regression,Production app
T-03-terry-basket-largest-more-6,T-03-terry-basket-largest-more-6,Launch gaps / regression,Production app
T-03-terry-basket-largest-more-7,T-03-terry-basket-largest-more-7,Launch gaps / regression,Production app
T-03-terry-basket-largest-more-8,T-03-terry-basket-largest-more-8,Launch gaps / regression,Production app
G-14-my-charms-with-snap,G-14-my-charms-with-snap,Launch gaps / regression,Production app
G-14-my-charms-with-snap-more,G-14-my-charms-with-snap-more,Launch gaps / regression,Production app
G-14-my-charms-with-snap-more-2,G-14-my-charms-with-snap-more-2,Launch gaps / regression,Production app
G-14-my-charms-with-snap-largest,G-14-my-charms-with-snap-largest,Launch gaps / regression,Production app
G-14-my-charms-with-snap-largest-more,G-14-my-charms-with-snap-largest-more,Launch gaps / regression,Production app
G-14-my-charms-with-snap-largest-more-2,G-14-my-charms-with-snap-largest-more-2,Launch gaps / regression,Production app
G-14-my-charms-with-snap-largest-more-3,G-14-my-charms-with-snap-largest-more-3,Launch gaps / regression,Production app
G-14-my-charms-with-snap-largest-more-4,G-14-my-charms-with-snap-largest-more-4,Launch gaps / regression,Production app
RELEASE28-SHOP-header-3x,RELEASE28-SHOP-header-3x,Launch gaps / regression,Production app
G-14-my-charms-header-3x,G-14-my-charms-header-3x,Launch gaps / regression,Production app
RELEASE28-SHOP-largest-header-3x,RELEASE28-SHOP-largest-header-3x,Launch gaps / regression,Production app
G-14-my-charms-largest-header-3x,G-14-my-charms-largest-header-3x,Launch gaps / regression,Production app
L-01-wishlist-share,L-01-wishlist-share,Launch gaps / regression,Production app
G-24-settings-alerts-off,G-24-settings-alerts-off,Launch gaps / regression,Production app
G-24-settings-alerts-off-more,G-24-settings-alerts-off-more,Launch gaps / regression,Production app
G-24-settings-alerts-denied,G-24-settings-alerts-denied,Launch gaps / regression,Production app
G-24-settings-alerts-denied-more,G-24-settings-alerts-denied-more,Launch gaps / regression,Production app
G-24-settings-alerts-denied-more-2,G-24-settings-alerts-denied-more-2,Launch gaps / regression,Production app
OFFLINE-REGISTRATION-step-1,OFFLINE-REGISTRATION-step-1,Launch gaps / regression,Production app
OFFLINE-REGISTRATION-step-2,OFFLINE-REGISTRATION-step-2,Launch gaps / regression,Production app
L-01-wishlist-share-largest,L-01-wishlist-share-largest,Launch gaps / regression,Production app
L-01-wishlist-share-largest-more,L-01-wishlist-share-largest-more,Launch gaps / regression,Production app
L-01-wishlist-share-largest-more-2,L-01-wishlist-share-largest-more-2,Launch gaps / regression,Production app
L-01-wishlist-share-largest-more-3,L-01-wishlist-share-largest-more-3,Launch gaps / regression,Production app
G-24-settings-alerts-on-largest,G-24-settings-alerts-on-largest,Launch gaps / regression,Production app
G-24-settings-alerts-on-largest-more,G-24-settings-alerts-on-largest-more,Launch gaps / regression,Production app
G-24-settings-alerts-on-largest-more-2,G-24-settings-alerts-on-largest-more-2,Launch gaps / regression,Production app
G-24-settings-alerts-on-largest-more-3,G-24-settings-alerts-on-largest-more-3,Launch gaps / regression,Production app
G-24-settings-alerts-on-largest-more-4,G-24-settings-alerts-on-largest-more-4,Launch gaps / regression,Production app
G-24-settings-alerts-on-largest-more-5,G-24-settings-alerts-on-largest-more-5,Launch gaps / regression,Production app
G-24-settings-alerts-on-largest-more-6,G-24-settings-alerts-on-largest-more-6,Launch gaps / regression,Production app
G-24-settings-alerts-off-largest,G-24-settings-alerts-off-largest,Launch gaps / regression,Production app
G-24-settings-alerts-off-largest-more,G-24-settings-alerts-off-largest-more,Launch gaps / regression,Production app
G-24-settings-alerts-off-largest-more-2,G-24-settings-alerts-off-largest-more-2,Launch gaps / regression,Production app
G-24-settings-alerts-off-largest-more-3,G-24-settings-alerts-off-largest-more-3,Launch gaps / regression,Production app
G-24-settings-alerts-off-largest-more-4,G-24-settings-alerts-off-largest-more-4,Launch gaps / regression,Production app
G-24-settings-alerts-off-largest-more-5,G-24-settings-alerts-off-largest-more-5,Launch gaps / regression,Production app
G-24-settings-alerts-off-largest-more-6,G-24-settings-alerts-off-largest-more-6,Launch gaps / regression,Production app
G-24-settings-alerts-denied-largest,G-24-settings-alerts-denied-largest,Launch gaps / regression,Production app
G-24-settings-alerts-denied-largest-more,G-24-settings-alerts-denied-largest-more,Launch gaps / regression,Production app
G-24-settings-alerts-denied-largest-more-2,G-24-settings-alerts-denied-largest-more-2,Launch gaps / regression,Production app
G-24-settings-alerts-denied-largest-more-3,G-24-settings-alerts-denied-largest-more-3,Launch gaps / regression,Production app
G-24-settings-alerts-denied-largest-more-4,G-24-settings-alerts-denied-largest-more-4,Launch gaps / regression,Production app
G-24-settings-alerts-denied-largest-more-5,G-24-settings-alerts-denied-largest-more-5,Launch gaps / regression,Production app
G-24-settings-alerts-denied-largest-more-6,G-24-settings-alerts-denied-largest-more-6,Launch gaps / regression,Production app
OFFLINE-REGISTRATION-step-1-largest,OFFLINE-REGISTRATION-step-1-largest,Launch gaps / regression,Production app
OFFLINE-REGISTRATION-step-1-largest-more,OFFLINE-REGISTRATION-step-1-largest-more,Launch gaps / regression,Production app
OFFLINE-REGISTRATION-step-1-largest-more-2,OFFLINE-REGISTRATION-step-1-largest-more-2,Launch gaps / regression,Production app
OFFLINE-REGISTRATION-step-2-largest,OFFLINE-REGISTRATION-step-2-largest,Launch gaps / regression,Production app
OFFLINE-REGISTRATION-step-2-largest-more,OFFLINE-REGISTRATION-step-2-largest-more,Launch gaps / regression,Production app
S2-03-sets-feed-in-basket,S2-03-sets-feed-in-basket,Launch gaps / regression,Production app
S2-03-sets-feed-in-basket-largest,S2-03-sets-feed-in-basket-largest,Launch gaps / regression,Production app
S2-03-sets-feed-in-basket-largest-more,S2-03-sets-feed-in-basket-largest-more,Launch gaps / regression,Production app
S2-03-sets-feed-in-basket-largest-more-2,S2-03-sets-feed-in-basket-largest-more-2,Launch gaps / regression,Production app
S2-01-sets-feed-festival,S2-01-sets-feed-festival,Launch gaps / regression,Production app
S2-01-sets-feed-festival-silver-saved,S2-01-sets-feed-festival-silver-saved,Launch gaps / regression,Production app
G-14-my-charms-festival,G-14-my-charms-festival,Launch gaps / regression,Production app
G-14-my-charms-festival-more,G-14-my-charms-festival-more,Launch gaps / regression,Production app
G-14-my-charms-festival-more-2,G-14-my-charms-festival-more-2,Launch gaps / regression,Production app
G-16-set-page-festival,G-16-set-page-festival,Launch gaps / regression,Production app
G-16-set-page-festival-more,G-16-set-page-festival-more,Launch gaps / regression,Production app
L-01-wishlist-share-375,L-01-wishlist-share-375,Launch gaps / regression,Production app
L-01-wishlist-share-largest-375,L-01-wishlist-share-largest-375,Launch gaps / regression,Production app
L-01-wishlist-share-largest-375-more,L-01-wishlist-share-largest-375-more,Launch gaps / regression,Production app
L-01-wishlist-share-largest-375-more-2,L-01-wishlist-share-largest-375-more-2,Launch gaps / regression,Production app
L-01-wishlist-share-largest-375-more-3,L-01-wishlist-share-largest-375-more-3,Launch gaps / regression,Production app
OFFLINE-REGISTRATION-step-2-keyboard-largest,OFFLINE-REGISTRATION-step-2-keyboard-largest,Launch gaps / regression,Production app
OFFLINE-REGISTRATION-step-2-keyboard,OFFLINE-REGISTRATION-step-2-keyboard,Launch gaps / regression,Production app
OFFLINE-REGISTRATION-step-2-keyboard-largest-small,OFFLINE-REGISTRATION-step-2-keyboard-largest-small,Launch gaps / regression,Production app
OFFLINE-REGISTRATION-step-2-keyboard-small,OFFLINE-REGISTRATION-step-2-keyboard-small,Launch gaps / regression,Production app
Device55-badge-set-largest-1,Device55-badge-set-largest-1,Launch gaps / regression,Production app
Device55-badge-set-largest-0,Device55-badge-set-largest-0,Launch gaps / regression,Production app
Device55-badge-set-normal-1,Device55-badge-set-normal-1,Launch gaps / regression,Production app
Device55-badge-set-normal-0,Device55-badge-set-normal-0,Launch gaps / regression,Production app
M-06-sync-zero,M-06-sync-zero,Launch gaps / regression,Production app
OFFLINE-REGISTRATION,OFFLINE-REGISTRATION,Launch gaps / regression,Production app
M-07-registration-history,M-07-registration-history,Launch gaps / regression,Production app
O-01-your-name-largest-keyboard,O-01-your-name-largest-keyboard,Launch gaps / regression,Production app
O-01-your-name-largest-keyboard-small,O-01-your-name-largest-keyboard-small,Launch gaps / regression,Production app
B-04-badge-web-page,B-04-badge-web-page,Launch gaps / regression,Production app
B-04-badge-web-page-more,B-04-badge-web-page-more,Launch gaps / regression,Production app
O-01-your-name,O-01-your-name,Launch gaps / regression,Production app
O-01-your-name-empty,O-01-your-name-empty,Launch gaps / regression,Production app
O-01-your-name-limit,O-01-your-name-limit,Launch gaps / regression,Production app
O-01-your-name-largest,O-01-your-name-largest,Launch gaps / regression,Production app
O-01-your-name-largest-more,O-01-your-name-largest-more,Launch gaps / regression,Production app
O-01-your-name-largest-more-2,O-01-your-name-largest-more-2,Launch gaps / regression,Production app
G-06-purchases-found,G-06-purchases-found,Launch gaps / regression,Production app
G-35U-basket-removal-undo,G-35U-basket-removal-undo,Launch gaps / regression,Production app
G-35U-basket-removal-undo-more,G-35U-basket-removal-undo-more,Launch gaps / regression,Production app
G-35U-basket-removal-undo-largest,G-35U-basket-removal-undo-largest,Launch gaps / regression,Production app
G-35U-basket-removal-undo-largest-more,G-35U-basket-removal-undo-largest-more,Launch gaps / regression,Production app
G-35U-basket-removal-undo-largest-more-2,G-35U-basket-removal-undo-largest-more-2,Launch gaps / regression,Production app
G-35U-basket-removal-undo-largest-more-3,G-35U-basket-removal-undo-largest-more-3,Launch gaps / regression,Production app
O-01-your-name-limit-keyboard,O-01-your-name-limit-keyboard,Launch gaps / regression,Production app
O-01-your-name-empty-keyboard,O-01-your-name-empty-keyboard,Launch gaps / regression,Production app
O-01-your-name-keyboard,O-01-your-name-keyboard,Launch gaps / regression,Production app
O-01-your-name-largest-keyboard-more,O-01-your-name-largest-keyboard-more,Launch gaps / regression,Production app
L-01U-wishlist-removed-largest,L-01U-wishlist-removed-largest,Launch gaps / regression,Production app
L-01S-wishlist-swipe-largest,L-01S-wishlist-swipe-largest,Launch gaps / regression,Production app
L-01U-wishlist-removed,L-01U-wishlist-removed,Launch gaps / regression,Production app
L-01S-wishlist-swipe,L-01S-wishlist-swipe,Launch gaps / regression,Production app
O-01-your-name-limit-keyboard-small,O-01-your-name-limit-keyboard-small,Launch gaps / regression,Production app
O-01-your-name-empty-keyboard-small,O-01-your-name-empty-keyboard-small,Launch gaps / regression,Production app
O-01-your-name-keyboard-small,O-01-your-name-keyboard-small,Launch gaps / regression,Production app
O-01-your-name-largest-keyboard-more-small,O-01-your-name-largest-keyboard-more-small,Launch gaps / regression,Production app
L-01U-wishlist-removed-largest-small,L-01U-wishlist-removed-largest-small,Launch gaps / regression,Production app
L-01S-wishlist-swipe-largest-small,L-01S-wishlist-swipe-largest-small,Launch gaps / regression,Production app
L-01-wishlist-share-largest-small,L-01-wishlist-share-largest-small,Launch gaps / regression,Production app
L-01U-wishlist-removed-small,L-01U-wishlist-removed-small,Launch gaps / regression,Production app
L-01S-wishlist-swipe-small,L-01S-wishlist-swipe-small,Launch gaps / regression,Production app
L-01-wishlist-share-small,L-01-wishlist-share-small,Launch gaps / regression,Production app
B-03-badge-still,B-03-badge-still,Launch gaps / regression,Production app
B-03-badge-moving,B-03-badge-moving,Launch gaps / regression,Production app
B-04-badge-og,B-04-badge-og,Launch gaps / regression,Production app
L-01S-swipe-remove-undo,L-01S-swipe-remove-undo,Launch gaps / regression,Production app
L-07-feedback-sheet-filled,L-07-feedback-sheet-filled,Launch gaps / regression,Production app
L-09-settings-feedback,L-09-settings-feedback,Launch gaps / regression,Production app
L-09-settings-feedback-more,L-09-settings-feedback-more,Launch gaps / regression,Production app
L-09-settings-feedback-more-2,L-09-settings-feedback-more-2,Launch gaps / regression,Production app
L-09-settings-feedback-disabled,L-09-settings-feedback-disabled,Launch gaps / regression,Production app
L-09-settings-feedback-disabled-more,L-09-settings-feedback-disabled-more,Launch gaps / regression,Production app
L-10-testflight-welcome,L-10-testflight-welcome,Launch gaps / regression,Production app
L-07-feedback-sheet-filled-largest,L-07-feedback-sheet-filled-largest,Launch gaps / regression,Production app
L-07-feedback-sheet-filled-largest-more,L-07-feedback-sheet-filled-largest-more,Launch gaps / regression,Production app
L-07-feedback-sheet-filled-largest-more-2,L-07-feedback-sheet-filled-largest-more-2,Launch gaps / regression,Production app
L-09-settings-feedback-largest,L-09-settings-feedback-largest,Launch gaps / regression,Production app
L-09-settings-feedback-largest-more,L-09-settings-feedback-largest-more,Launch gaps / regression,Production app
L-09-settings-feedback-largest-more-2,L-09-settings-feedback-largest-more-2,Launch gaps / regression,Production app
L-09-settings-feedback-largest-more-3,L-09-settings-feedback-largest-more-3,Launch gaps / regression,Production app
L-09-settings-feedback-largest-more-4,L-09-settings-feedback-largest-more-4,Launch gaps / regression,Production app
L-09-settings-feedback-largest-more-5,L-09-settings-feedback-largest-more-5,Launch gaps / regression,Production app
L-09-settings-feedback-largest-more-6,L-09-settings-feedback-largest-more-6,Launch gaps / regression,Production app
L-09-settings-feedback-largest-more-7,L-09-settings-feedback-largest-more-7,Launch gaps / regression,Production app
L-09-settings-feedback-disabled-largest,L-09-settings-feedback-disabled-largest,Launch gaps / regression,Production app
L-09-settings-feedback-disabled-largest-more,L-09-settings-feedback-disabled-largest-more,Launch gaps / regression,Production app
L-09-settings-feedback-disabled-largest-more-2,L-09-settings-feedback-disabled-largest-more-2,Launch gaps / regression,Production app
L-09-settings-feedback-disabled-largest-more-3,L-09-settings-feedback-disabled-largest-more-3,Launch gaps / regression,Production app
L-09-settings-feedback-disabled-largest-more-4,L-09-settings-feedback-disabled-largest-more-4,Launch gaps / regression,Production app
L-09-settings-feedback-disabled-largest-more-5,L-09-settings-feedback-disabled-largest-more-5,Launch gaps / regression,Production app
L-09-settings-feedback-disabled-largest-more-6,L-09-settings-feedback-disabled-largest-more-6,Launch gaps / regression,Production app
L-10-testflight-welcome-largest,L-10-testflight-welcome-largest,Launch gaps / regression,Production app
L-10-testflight-welcome-largest-more,L-10-testflight-welcome-largest-more,Launch gaps / regression,Production app
ROOT-wishlist-preview,ROOT-wishlist-preview,Launch gaps / regression,Production app
L-06-founding-badge,L-06-founding-badge,Launch gaps / regression,Production app
L-06-founding-badge-reduce-motion,L-06-founding-badge-reduce-motion,Launch gaps / regression,Production app
L-09-settings-feedback-not-earned,L-09-settings-feedback-not-earned,Launch gaps / regression,Production app
L-09-settings-feedback-not-earned-more,L-09-settings-feedback-not-earned-more,Launch gaps / regression,Production app
L-09-settings-feedback-not-earned-more-2,L-09-settings-feedback-not-earned-more-2,Launch gaps / regression,Production app
L-07-feedback-sheet,L-07-feedback-sheet,Launch gaps / regression,Production app
L-07-feedback-sheet-largest,L-07-feedback-sheet-largest,Launch gaps / regression,Production app
L-07-feedback-sheet-largest-more,L-07-feedback-sheet-largest-more,Launch gaps / regression,Production app
L-07-feedback-sheet-largest-more-2,L-07-feedback-sheet-largest-more-2,Launch gaps / regression,Production app
L-10-testflight-welcome-largest-more-2,L-10-testflight-welcome-largest-more-2,Launch gaps / regression,Production app
L-07-feedback-sheet-offline,L-07-feedback-sheet-offline,Launch gaps / regression,Production app
L-08-feedback-sent,L-08-feedback-sent,Launch gaps / regression,Production app
L-08-feedback-sent-no-reply,L-08-feedback-sent-no-reply,Launch gaps / regression,Production app
ROOT-shop-preview,ROOT-shop-preview,Launch gaps / regression,Production app
ROOT-my-charms-preview,ROOT-my-charms-preview,Launch gaps / regression,Production app
ROOT-shop-release,ROOT-shop-release,Launch gaps / regression,Production app
B-03-founding-share-web,B-03-founding-share-web,Launch gaps / regression,Production app
L-01-alerts-on-share,L-01-alerts-on-share,Launch gaps / regression,Production app
L-01-alerts-on-share-largest,L-01-alerts-on-share-largest,Launch gaps / regression,Production app
L-01-alerts-on-share-largest-more,L-01-alerts-on-share-largest-more,Launch gaps / regression,Production app
W-01-shared-wishlist,W-01-shared-wishlist,Launch gaps / regression,Production app
W-01-shared-wishlist-more,W-01-shared-wishlist-more,Launch gaps / regression,Production app
W-06-private-link,W-06-private-link,Launch gaps / regression,Production app
L-02-og-private,L-02-og-private,Launch gaps / regression,Production app
LIVE-feedback-inbox,LIVE-feedback-inbox,Launch gaps / regression,Production app
LIVE-TestFlight-receipt,LIVE-TestFlight-receipt,Launch gaps / regression,Production app
PHYSICAL-VoiceOver-haptics,PHYSICAL-VoiceOver-haptics,Launch gaps / regression,Production app
F-50-Safari-associated-link,F-50-Safari-associated-link,Launch gaps / regression,Production app
OFFLINE-REGISTRATION-step-1-keyboard,OFFLINE-REGISTRATION-step-1-keyboard,Launch gaps / regression,Production app
OFFLINE-REGISTRATION-step-3-keyboard,OFFLINE-REGISTRATION-step-3-keyboard,Launch gaps / regression,Production app
F-148,F-148,Launch gaps / regression,Production app
Nat-iPhone17Pro-iOS26.6.1,Nat-iPhone17Pro-iOS26.6.1,Launch gaps / regression,Production app
ss8,Gift it your way,App Store refresh,Release native content + supplied framing
