id,title,journey,priority,owner,file
"G-01-splash","Welcome · first frame","Arrival · welcome, sign in, sync","P2","Native design","Pop Studio 1 Arrival.dc.html"
"G-02-welcome","Welcome","Arrival · welcome, sign in, sync","P1","Native design","Pop Studio 1 Arrival.dc.html"
"G-03-shopify-sign-in","Shopify sign in · before the sheet","Arrival · welcome, sign in, sync","P2","Native design","Pop Studio 1 Arrival.dc.html"
"SHOPIFY-CODE","Shopify sign-in code · uncaptured","Arrival · welcome, sign in, sync","P3","Shopify","Pop Studio 1 Arrival.dc.html"
"G-05-syncing-purchases","Syncing purchases","Arrival · welcome, sign in, sync","P2","Native design","Pop Studio 1 Arrival.dc.html"
"G-06-purchases-found","Purchases found","Arrival · welcome, sign in, sync","P1","Native design","Pop Studio 1 Arrival.dc.html"
"G-08-alerts-primer","Alerts primer","Arrival · welcome, sign in, sync","P3","Native design","Pop Studio 1 Arrival.dc.html"
"RELEASE28-SHOP","Shop · Sets (opens first)","The four tabs · Shop, My Charms, Wishlist, Club","P1","Native design","Pop Studio 1 Arrival.dc.html"
"RELEASE28-MY-CHARMS","My Charms","The four tabs · Shop, My Charms, Wishlist, Club","P1","Native design","Pop Studio 1 Arrival.dc.html"
"RELEASE28-WISHLIST","Wishlist","The four tabs · Shop, My Charms, Wishlist, Club","P1","Native design","Pop Studio 1 Arrival.dc.html"
"RELEASE28-CLUB","Club","The four tabs · Shop, My Charms, Wishlist, Club","P1","Native design","Pop Studio 1 Arrival.dc.html"
"G-09-shop-piece","Shop piece · Charms","Discover your next piece","P1","Native design","Pop Studio 2 Discover.dc.html"
"G-9B-shop-second-photo","Shop piece · second photo","Discover your next piece","P2","Native design","Pop Studio 2 Discover.dc.html"
"G-9C-shop-long-title","Shop piece · long title","Discover your next piece","P2","Native design","Pop Studio 2 Discover.dc.html"
"G-25-search","Search","Discover your next piece","P1","Native design","Pop Studio 2 Discover.dc.html"
"G-12-charm-story","Charm story · finish","Discover your next piece","P1","Native design","Pop Studio 2 Discover.dc.html"
"G-12-more-charm-story","Charm story · continuation","Discover your next piece","P2","Native design","Pop Studio 2 Discover.dc.html"
"G-11-quick-add","Quick add · long-press","Discover your next piece","P2","Native design","Pop Studio 2 Discover.dc.html"
"G-10-set-post","Set post · you’ve started","Complete a set","P1","Native design","Pop Studio 2 Discover.dc.html"
"G-10I-incomplete-set-post","Set post · not started","Complete a set","P2","Merchant content","Pop Studio 2 Discover.dc.html"
"G-13-set-detail","Set detail","Complete a set","P1","Native design","Pop Studio 2 Discover.dc.html"
"G-13-more-set-detail","Set detail · continuation","Complete a set","P2","Native design","Pop Studio 2 Discover.dc.html"
"G-13I-incomplete-set-detail","Set detail · not started","Complete a set","P2","Merchant content","Pop Studio 2 Discover.dc.html"
"TERRY-COLLECTION","The full Terry collection · pending","Complete a set","P2","Merchant content","Pop Studio 2 Discover.dc.html"
"RELEASE29-GLITTER","Smiley · Glitter / Gold","Exact finishes · Gold, Glitter and unassigned colours","P1","Native design","Pop Studio 3 Finishes.dc.html"
"RELEASE29-GOLD","Smiley · Gold / Gold","Exact finishes · Gold, Glitter and unassigned colours","P1","Native design","Pop Studio 3 Finishes.dc.html"
"RELEASE29-RESTORED","Smiley · back to Glitter / Gold","Exact finishes · Gold, Glitter and unassigned colours","P2","Native design","Pop Studio 3 Finishes.dc.html"
"RELEASE29-RESELECTED","Smiley · reselect current finish","Exact finishes · Gold, Glitter and unassigned colours","P2","Native design","Pop Studio 3 Finishes.dc.html"
"RELEASE29-FLOWER-GALLERY","Flower Huggie · White unassigned","Exact finishes · Gold, Glitter and unassigned colours","P1","Merchant content","Pop Studio 3 Finishes.dc.html"
"RELEASE29-FLOWER-RESTORED","Flower Huggie · return to White","Exact finishes · Gold, Glitter and unassigned colours","P2","Merchant content","Pop Studio 3 Finishes.dc.html"
"RELEASE29-RETRY","Photo download · retry","Photo recovery","P2","Native design","Pop Studio 3 Finishes.dc.html"
"RELEASE29-RETRY-LOADED","Photo download · recovered","Photo recovery","P3","Native design","Pop Studio 3 Finishes.dc.html"
"RELEASE29-LARGEST-GLITTER","Smiley · largest text · Glitter","Largest accessibility text · finishes","P1","Native design","Pop Studio 3 Finishes.dc.html"
"RELEASE29-LARGEST-GOLD","Smiley · largest text · Gold","Largest accessibility text · finishes","P1","Native design","Pop Studio 3 Finishes.dc.html"
"RELEASE29-LARGEST-RESTORED","Smiley · largest text · Glitter restored","Largest accessibility text · finishes","P2","Native design","Pop Studio 3 Finishes.dc.html"
"brand-basket-set-375-pieces","Set basket · included pieces · 375pt","Complete-set basket + checkout","P1","Native design","Pop Studio 4 Basket.dc.html"
"brand-basket-set-375-summary","Set basket · totals · 375pt · confirming","Complete-set basket + checkout","P1","Native design","Pop Studio 4 Basket.dc.html"
"brand-basket-set-verified-summary","Set basket · confirmed quote","Complete-set basket + checkout","P1","Native design","Pop Studio 4 Basket.dc.html"
"brand-basket-set-440-pieces","Set basket · included pieces · 440pt","Complete-set basket + checkout","P2","Native design","Pop Studio 4 Basket.dc.html"
"brand-basket-set-440-summary","Set basket · totals · 440pt","Complete-set basket + checkout","P2","Native design","Pop Studio 4 Basket.dc.html"
"complete-set-finish-review","Choose complete-set finishes","Complete-set basket + checkout","P1","Native design","Pop Studio 4 Basket.dc.html"
"SHOPIFY-CHECKOUT","Shopify checkout · £28 saved & free chain","Complete-set basket + checkout","P2","Shopify","Pop Studio 4 Basket.dc.html"
"G-35-basket-sheet","Basket sheet · loose charms","Basket states","P1","Native design","Pop Studio 4 Basket.dc.html"
"G-35E-basket-empty","Basket empty","Basket states","P2","Native design","Pop Studio 4 Basket.dc.html"
"G-35U-basket-removal-undo","Basket removal · undo","Basket states","P2","Native design","Pop Studio 4 Basket.dc.html"
"G-35R-basket-verified-reward","Reward preview · not enabled for launch","Basket states","P3","Future","Pop Studio 4 Basket.dc.html"
"largest-text-set-finish-review","Set finishes · largest text","Largest accessibility text · basket","P1","Native design","Pop Studio 4 Basket.dc.html"
"largest-text-set-basket","Set basket · largest text","Largest accessibility text · basket","P1","Native design","Pop Studio 4 Basket.dc.html"
"largest-text-set-summary","Set totals · largest text","Largest accessibility text · basket","P1","Native design","Pop Studio 4 Basket.dc.html"
"G-14-my-charms","My Charms · with your snap","Build your charm collection","P1","Native design","Pop Studio 5 Collecting.dc.html"
"G-15-wishlist","Wishlist · with besties","Build your charm collection","P1","Native design","Pop Studio 5 Collecting.dc.html"
"G-15-more-wishlist-shipping","Wishlist · shipping continuation","Build your charm collection","P2","Native design","Pop Studio 5 Collecting.dc.html"
"G-17-set-complete","Set complete","Build your charm collection","P1","Native design","Pop Studio 5 Collecting.dc.html"
"G-18-share-the-stack","Share the stack","Build your charm collection","P2","Native design","Pop Studio 5 Collecting.dc.html"
"OFFLINE-REGISTRATION","Register a physical-store purchase","Register an in-person purchase","P1","Native design","Pop Studio 5 Collecting.dc.html"
"purchase-registration-proof","Private evidence + send for review","Register an in-person purchase","P1","Native design","Pop Studio 5 Collecting.dc.html"
"purchase-registration-largest","Registration · largest text","Register an in-person purchase","P1","Native design","Pop Studio 5 Collecting.dc.html"
"purchase-registration-largest-proof","Registration proof · largest text","Register an in-person purchase","P1","Native design","Pop Studio 5 Collecting.dc.html"
"G-20-club","Club · bestie switcher","Club, besties and codes","P1","Native design","Pop Studio 6 Club.dc.html"
"G-20B-bestie-club-page","Bestie Club page","Club, besties and codes","P2","Native design","Pop Studio 6 Club.dc.html"
"G-21-invite","Invite","Club, besties and codes","P1","Native design","Pop Studio 6 Club.dc.html"
"X-02-add-friend-by-code","Add friend by code","Club, besties and codes","P2","Native design","Pop Studio 6 Club.dc.html"
"X-03-friend-code-management","Friend code management","Club, besties and codes","P2","Native design","Pop Studio 6 Club.dc.html"
"G-28-pick-your-code","Custom code picker · future preview","Club, besties and codes","P3","Future","Pop Studio 6 Club.dc.html"
"G-19-achievements","Achievements","Badges","P1","Native design","Pop Studio 6 Club.dc.html"
"BUILD29-BADGE-DETAIL","Locked badge · how to earn it","Badges","P2","Native design","Pop Studio 6 Club.dc.html"
"G-31-badge-catalogue","Badge catalogue","Badges","P2","Native design","Pop Studio 6 Club.dc.html"
"G-31-more-badge-catalogue","Badge catalogue · continuation","Badges","P3","Native design","Pop Studio 6 Club.dc.html"
"G-24-settings","Settings","Settings","P2","Native design","Pop Studio 6 Club.dc.html"
"G-24-more-settings","Settings · continuation","Settings","P2","Native design","Pop Studio 6 Club.dc.html"
"BUILD29-FIRST-NAME","Edit your first name","Settings","P3","Native design","Pop Studio 6 Club.dc.html"
"G-29-a-bestie-s-charms","A bestie’s charms","Wishlist & friends","P2","Native design","Pop Studio 7 Besties and Gifts.dc.html"
"G-29-more-a-bestie-s-charms","A bestie’s charms · continuation","Wishlist & friends","P3","Native design","Pop Studio 7 Besties and Gifts.dc.html"
"G-30-a-bestie-s-wishlist","A bestie’s wishlist","Wishlist & friends","P1","Native design","Pop Studio 7 Besties and Gifts.dc.html"
"G-30-more-a-bestie-s-wishlist","A bestie’s wishlist · continuation","Wishlist & friends","P2","Native design","Pop Studio 7 Besties and Gifts.dc.html"
"X-04-import-shared-wishlist","Import shared wishlist","Wishlist & friends","P2","Native design","Pop Studio 7 Besties and Gifts.dc.html"
"X-05-private-bestie-wishlist","Private bestie wishlist","Wishlist & friends","P2","Native design","Pop Studio 7 Besties and Gifts.dc.html"
"G-22-gift-sheet","Gift sheet","Wishlist & friends","P1","Native design","Pop Studio 7 Besties and Gifts.dc.html"
"X-01-gift-inbox-signed-out","Gift inbox · signed out","Receive, reveal & share","P3","Native design","Pop Studio 7 Besties and Gifts.dc.html"
"X-08-gift-inbox-signed-in-empty","Gift inbox · signed in, empty","Receive, reveal & share","P3","Native design","Pop Studio 7 Besties and Gifts.dc.html"
"X-09P-gift-inbox-paid-concealed","Gift inbox · paid, concealed","Receive, reveal & share","P1","Native design","Pop Studio 7 Besties and Gifts.dc.html"
"X-09-gift-inbox-paid-and-revealed","Gift inbox · paid and revealed","Receive, reveal & share","P2","Native design","Pop Studio 7 Besties and Gifts.dc.html"
"G-23-gift-confirmed","Gift confirmed","Receive, reveal & share","P2","Native design","Pop Studio 7 Besties and Gifts.dc.html"
"G-32-share-new-snap","Share new snap","Receive, reveal & share","P3","Native design","Pop Studio 7 Besties and Gifts.dc.html"
"G-33-share-gift","Share gift","Receive, reveal & share","P3","Native design","Pop Studio 7 Besties and Gifts.dc.html"
"G-34-share-badge","Share badge","Receive, reveal & share","P3","Native design","Pop Studio 7 Besties and Gifts.dc.html"
"X-06-your-snap-crop","Your Snap crop","Receive, reveal & share","P3","Native design","Pop Studio 7 Besties and Gifts.dc.html"
"M-01-sharing-privacy","Sharing & privacy sheet","Who sees what, and where it came from","P1","Native design","Pop Studio 8 Missing States.dc.html"
"M-02-private-review","Back to shared · review private wishes","Who sees what, and where it came from","P2","Native design","Pop Studio 8 Missing States.dc.html"
"M-03-your-orders","Your orders","Who sees what, and where it came from","P1","Native design","Pop Studio 8 Missing States.dc.html"
"M-04-your-orders-empty","Your orders · empty","Who sees what, and where it came from","P2","Native design","Pop Studio 8 Missing States.dc.html"
"M-05-checkout-return","Back from Shopify checkout","Coming back, starting fresh, claiming and leaving","P1","Native design","Pop Studio 8 Missing States.dc.html"
"M-06-sync-zero","First sync · no orders found","Coming back, starting fresh, claiming and leaving","P1","Native design","Pop Studio 8 Missing States.dc.html"
"M-07-registration-history","Added by hand · claim history","Coming back, starting fresh, claiming and leaving","P2","Native design","Pop Studio 8 Missing States.dc.html"
"M-08-delete-account","Delete account · confirm","Coming back, starting fresh, claiming and leaving","P1","Native design","Pop Studio 8 Missing States.dc.html"
"M-09-sign-in-failed","Sign-in didn’t finish","Calm, specific, one way forward","P1","Native design","Pop Studio 8 Missing States.dc.html"
"M-10-sync-failed","Order sync failed","Calm, specific, one way forward","P1","Native design","Pop Studio 8 Missing States.dc.html"
"M-11-offline","No connection · My Charms","Calm, specific, one way forward","P1","Native design","Pop Studio 8 Missing States.dc.html"
"M-12-basket-quote-failed","Basket · Shopify can’t confirm prices","Calm, specific, one way forward","P1","Native design","Pop Studio 8 Missing States.dc.html"
"W-01-shared-wishlist","Shared wishlist · web","The highest-intent link: someone wants to buy Claire a present","P1","Web · Shopify theme","Pop Studio 9 Web Share Flow.dc.html"
"W-02-gift-bag","Added · mark as a secret gift","The highest-intent link: someone wants to buy Claire a present","P1","Web · Shopify theme","Pop Studio 9 Web Share Flow.dc.html"
"W-03-gift-thanks","Order confirmed · app invite","The highest-intent link: someone wants to buy Claire a present","P1","Shopify checkout extension","Pop Studio 9 Web Share Flow.dc.html"
"W-04-shared-stack","Shared stack · shop the look","Every other link, and the hand-off into the app","P2","Web · Shopify theme","Pop Studio 9 Web Share Flow.dc.html"
"W-05-bestie-invite","Bestie invite · web","Every other link, and the hand-off into the app","P1","Web · Shopify theme","Pop Studio 9 Web Share Flow.dc.html"
"W-06-private-link","Besties-only or private link","Every other link, and the hand-off into the app","P2","Web · Shopify theme","Pop Studio 9 Web Share Flow.dc.html"
"W-07-app-first-open","App · first open from a link","Every other link, and the hand-off into the app","P1","Native design","Pop Studio 9 Web Share Flow.dc.html"