id,parentId,build,file,title,journey,textSize,notCaptured,reason
G-01-splash,,31,G-01-splash.jpg,Welcome · first frame,"Arrival · welcome, sign in, sync",large,,
G-02-welcome,,31,G-02-welcome.jpg,Welcome,"Arrival · welcome, sign in, sync",large,,
G-03-shopify-sign-in,,31,G-03-shopify-sign-in.jpg,Shopify sign in · before the sheet,"Arrival · welcome, sign in, sync",large,,
SHOPIFY-CODE,,31,,Shopify sign-in code · uncaptured,"Arrival · welcome, sign in, sync",,True,Shopify-owned secure authentication page. No current authorized live code session was captured; no mock is substituted.
G-05-syncing-purchases,,31,G-05-syncing-purchases.jpg,Syncing purchases,"Arrival · welcome, sign in, sync",large,,
G-06-purchases-found,,31,G-06-purchases-found.jpg,Purchases found,"Arrival · welcome, sign in, sync",large,,
G-08-alerts-primer,,31,G-08-alerts-primer.jpg,Alerts primer,"Arrival · welcome, sign in, sync",large,,
RELEASE28-SHOP,,31,RELEASE28-SHOP.jpg,Shop · Sets (opens first),"The four tabs · Shop, My Charms, Wishlist, Club",large,,
RELEASE28-MY-CHARMS,,31,RELEASE28-MY-CHARMS.jpg,My Charms,"The four tabs · Shop, My Charms, Wishlist, Club",large,,
RELEASE28-WISHLIST,,31,RELEASE28-WISHLIST.jpg,Wishlist,"The four tabs · Shop, My Charms, Wishlist, Club",large,,
RELEASE28-WISHLIST-more,RELEASE28-WISHLIST,31,RELEASE28-WISHLIST-more.jpg,,,large,,
RELEASE28-WISHLIST-more-2,RELEASE28-WISHLIST,31,RELEASE28-WISHLIST-more-2.jpg,,,large,,
RELEASE28-CLUB,,31,RELEASE28-CLUB.jpg,Club,"The four tabs · Shop, My Charms, Wishlist, Club",large,,
G-09-shop-piece,,31,G-09-shop-piece.jpg,Shop piece · Charms,Discover your next piece,large,,
G-9B-shop-second-photo,,31,G-9B-shop-second-photo.jpg,Shop piece · second photo,Discover your next piece,large,,
G-9C-shop-long-title,,31,G-9C-shop-long-title.jpg,Shop piece · long title,Discover your next piece,large,,
G-25-search,,31,G-25-search.jpg,Search,Discover your next piece,large,,
G-25-search-more,G-25-search,31,G-25-search-more.jpg,,,large,,
G-25-search-more-2,G-25-search,31,G-25-search-more-2.jpg,,,large,,
G-25-search-more-3,G-25-search,31,G-25-search-more-3.jpg,,,large,,
G-25-search-more-4,G-25-search,31,G-25-search-more-4.jpg,,,large,,
G-25-search-more-5,G-25-search,31,G-25-search-more-5.jpg,,,large,,
G-12-charm-story,,31,G-12-charm-story.jpg,Charm story · finish,Discover your next piece,large,,
G-12-charm-story-more,G-12-charm-story,31,G-12-charm-story-more.jpg,,,large,,
G-12-charm-story-more-2,G-12-charm-story,31,G-12-charm-story-more-2.jpg,,,large,,
G-12-more-charm-story,,31,G-12-more-charm-story.jpg,Charm story · continuation,Discover your next piece,large,,
G-11-quick-add,,31,G-11-quick-add.jpg,Quick add · long-press,Discover your next piece,large,,
G-10-set-post,,31,G-10-set-post.jpg,Set post · you’ve started,Complete a set,large,,
G-10I-incomplete-set-post,,31,G-10I-incomplete-set-post.jpg,Set post · not started,Complete a set,large,,
G-13-set-detail,,31,G-13-set-detail.jpg,Set detail,Complete a set,large,,
G-13-set-detail-more,G-13-set-detail,31,G-13-set-detail-more.jpg,,,large,,
G-13-more-set-detail,,31,G-13-more-set-detail.jpg,Set detail · continuation,Complete a set,large,,
G-13I-incomplete-set-detail,,31,G-13I-incomplete-set-detail.jpg,Set detail · not started,Complete a set,large,,
G-13I-incomplete-set-detail-more,G-13I-incomplete-set-detail,31,G-13I-incomplete-set-detail-more.jpg,,,large,,
TERRY-COLLECTION,,31,TERRY-COLLECTION.jpg,The full Terry collection · pending,Complete a set,large,,
TERRY-COLLECTION-more,TERRY-COLLECTION,31,TERRY-COLLECTION-more.jpg,,,large,,
RELEASE29-GLITTER,,31,RELEASE29-GLITTER.jpg,Smiley · Glitter / Gold,"Exact finishes · Gold, Glitter and unassigned colours",large,,
RELEASE29-GLITTER-more,RELEASE29-GLITTER,31,RELEASE29-GLITTER-more.jpg,,,large,,
RELEASE29-GOLD,,31,RELEASE29-GOLD.jpg,Smiley · Gold / Gold,"Exact finishes · Gold, Glitter and unassigned colours",large,,
RELEASE29-GOLD-more,RELEASE29-GOLD,31,RELEASE29-GOLD-more.jpg,,,large,,
RELEASE29-RESTORED,,31,RELEASE29-RESTORED.jpg,Smiley · back to Glitter / Gold,"Exact finishes · Gold, Glitter and unassigned colours",large,,
RELEASE29-RESTORED-more,RELEASE29-RESTORED,31,RELEASE29-RESTORED-more.jpg,,,large,,
RELEASE29-RESELECTED,,31,RELEASE29-RESELECTED.jpg,Smiley · reselect current finish,"Exact finishes · Gold, Glitter and unassigned colours",large,,
RELEASE29-RESELECTED-more,RELEASE29-RESELECTED,31,RELEASE29-RESELECTED-more.jpg,,,large,,
RELEASE29-FLOWER-GALLERY,,31,RELEASE29-FLOWER-GALLERY.jpg,Flower Huggie · White unassigned,"Exact finishes · Gold, Glitter and unassigned colours",large,,
RELEASE29-FLOWER-GALLERY-more,RELEASE29-FLOWER-GALLERY,31,RELEASE29-FLOWER-GALLERY-more.jpg,,,large,,
RELEASE29-FLOWER-GALLERY-more-2,RELEASE29-FLOWER-GALLERY,31,RELEASE29-FLOWER-GALLERY-more-2.jpg,,,large,,
RELEASE29-FLOWER-RESTORED,,31,RELEASE29-FLOWER-RESTORED.jpg,Flower Huggie · return to White,"Exact finishes · Gold, Glitter and unassigned colours",large,,
RELEASE29-FLOWER-RESTORED-more,RELEASE29-FLOWER-RESTORED,31,RELEASE29-FLOWER-RESTORED-more.jpg,,,large,,
RELEASE29-FLOWER-RESTORED-more-2,RELEASE29-FLOWER-RESTORED,31,RELEASE29-FLOWER-RESTORED-more-2.jpg,,,large,,
RELEASE29-RETRY,,31,RELEASE29-RETRY.jpg,Photo download · retry,Photo recovery,large,,
RELEASE29-RETRY-more,RELEASE29-RETRY,31,RELEASE29-RETRY-more.jpg,,,large,,
RELEASE29-RETRY-LOADED,,31,RELEASE29-RETRY-LOADED.jpg,Photo download · recovered,Photo recovery,large,,
RELEASE29-RETRY-LOADED-more,RELEASE29-RETRY-LOADED,31,RELEASE29-RETRY-LOADED-more.jpg,,,large,,
RELEASE29-LARGEST-GLITTER,,31,RELEASE29-LARGEST-GLITTER.jpg,Smiley · largest text · Glitter,Largest accessibility text · finishes,accessibility5,,
RELEASE29-LARGEST-GLITTER-more,RELEASE29-LARGEST-GLITTER,31,RELEASE29-LARGEST-GLITTER-more.jpg,,,accessibility5,,
RELEASE29-LARGEST-GLITTER-more-2,RELEASE29-LARGEST-GLITTER,31,RELEASE29-LARGEST-GLITTER-more-2.jpg,,,accessibility5,,
RELEASE29-LARGEST-GLITTER-more-3,RELEASE29-LARGEST-GLITTER,31,RELEASE29-LARGEST-GLITTER-more-3.jpg,,,accessibility5,,
RELEASE29-LARGEST-GLITTER-more-4,RELEASE29-LARGEST-GLITTER,31,RELEASE29-LARGEST-GLITTER-more-4.jpg,,,accessibility5,,
RELEASE29-LARGEST-GLITTER-more-5,RELEASE29-LARGEST-GLITTER,31,RELEASE29-LARGEST-GLITTER-more-5.jpg,,,accessibility5,,
RELEASE29-LARGEST-GOLD,,31,RELEASE29-LARGEST-GOLD.jpg,Smiley · largest text · Gold,Largest accessibility text · finishes,accessibility5,,
RELEASE29-LARGEST-GOLD-more,RELEASE29-LARGEST-GOLD,31,RELEASE29-LARGEST-GOLD-more.jpg,,,accessibility5,,
RELEASE29-LARGEST-GOLD-more-2,RELEASE29-LARGEST-GOLD,31,RELEASE29-LARGEST-GOLD-more-2.jpg,,,accessibility5,,
RELEASE29-LARGEST-GOLD-more-3,RELEASE29-LARGEST-GOLD,31,RELEASE29-LARGEST-GOLD-more-3.jpg,,,accessibility5,,
RELEASE29-LARGEST-GOLD-more-4,RELEASE29-LARGEST-GOLD,31,RELEASE29-LARGEST-GOLD-more-4.jpg,,,accessibility5,,
RELEASE29-LARGEST-GOLD-more-5,RELEASE29-LARGEST-GOLD,31,RELEASE29-LARGEST-GOLD-more-5.jpg,,,accessibility5,,
RELEASE29-LARGEST-RESTORED,,31,RELEASE29-LARGEST-RESTORED.jpg,Smiley · largest text · Glitter restored,Largest accessibility text · finishes,accessibility5,,
RELEASE29-LARGEST-RESTORED-more,RELEASE29-LARGEST-RESTORED,31,RELEASE29-LARGEST-RESTORED-more.jpg,,,accessibility5,,
RELEASE29-LARGEST-RESTORED-more-2,RELEASE29-LARGEST-RESTORED,31,RELEASE29-LARGEST-RESTORED-more-2.jpg,,,accessibility5,,
RELEASE29-LARGEST-RESTORED-more-3,RELEASE29-LARGEST-RESTORED,31,RELEASE29-LARGEST-RESTORED-more-3.jpg,,,accessibility5,,
RELEASE29-LARGEST-RESTORED-more-4,RELEASE29-LARGEST-RESTORED,31,RELEASE29-LARGEST-RESTORED-more-4.jpg,,,accessibility5,,
RELEASE29-LARGEST-RESTORED-more-5,RELEASE29-LARGEST-RESTORED,31,RELEASE29-LARGEST-RESTORED-more-5.jpg,,,accessibility5,,
brand-basket-set-375-pieces,,31,brand-basket-set-375-pieces.jpg,Set basket · included pieces · 375pt,Complete-set basket + checkout,large,,
brand-basket-set-375-pieces-more,brand-basket-set-375-pieces,31,brand-basket-set-375-pieces-more.jpg,,,large,,
brand-basket-set-375-summary,,31,brand-basket-set-375-summary.jpg,Set basket · totals · 375pt · confirming,Complete-set basket + checkout,large,,
brand-basket-set-verified-summary,,31,brand-basket-set-verified-summary.jpg,Set basket · confirmed quote,Complete-set basket + checkout,large,,
brand-basket-set-440-pieces,,31,brand-basket-set-440-pieces.jpg,Set basket · included pieces · 440pt,Complete-set basket + checkout,large,,
brand-basket-set-440-pieces-more,brand-basket-set-440-pieces,31,brand-basket-set-440-pieces-more.jpg,,,large,,
brand-basket-set-440-summary,,31,brand-basket-set-440-summary.jpg,Set basket · totals · 440pt,Complete-set basket + checkout,large,,
complete-set-finish-review,,31,complete-set-finish-review.jpg,Choose complete-set finishes,Complete-set basket + checkout,large,,
SHOPIFY-CHECKOUT,,31,,Shopify checkout · £28 saved & free chain,Complete-set basket + checkout,,True,Shopify-owned checkout. No fresh live customer checkout was opened for this isolated review. Earlier unpaid verification is separate evidence and is not passed off as build-31 capture.
G-35-basket-sheet,,31,G-35-basket-sheet.jpg,Basket sheet · loose charms,Basket states,large,,
G-35E-basket-empty,,31,G-35E-basket-empty.jpg,Basket empty,Basket states,large,,
G-35U-basket-removal-undo,,31,G-35U-basket-removal-undo.jpg,Basket removal · undo,Basket states,large,,
G-35R-basket-verified-reward,,31,,Reward preview · not enabled for launch,Basket states,,True,Parked for launch: cash/points rewards are not enabled. Collection progress and badges are the launch reward route. No active reward screen is claimed.
largest-text-set-finish-review,,31,largest-text-set-finish-review.jpg,Set finishes · largest text,Largest accessibility text · basket,accessibility5,,
largest-text-set-finish-review-more,largest-text-set-finish-review,31,largest-text-set-finish-review-more.jpg,,,accessibility5,,
largest-text-set-finish-review-more-2,largest-text-set-finish-review,31,largest-text-set-finish-review-more-2.jpg,,,accessibility5,,
largest-text-set-finish-review-more-3,largest-text-set-finish-review,31,largest-text-set-finish-review-more-3.jpg,,,accessibility5,,
largest-text-set-finish-review-more-4,largest-text-set-finish-review,31,largest-text-set-finish-review-more-4.jpg,,,accessibility5,,
largest-text-set-basket,,31,largest-text-set-basket.jpg,Set basket · largest text,Largest accessibility text · basket,accessibility5,,
largest-text-set-basket-more,largest-text-set-basket,31,largest-text-set-basket-more.jpg,,,accessibility5,,
largest-text-set-basket-more-2,largest-text-set-basket,31,largest-text-set-basket-more-2.jpg,,,accessibility5,,
largest-text-set-basket-more-3,largest-text-set-basket,31,largest-text-set-basket-more-3.jpg,,,accessibility5,,
largest-text-set-basket-more-4,largest-text-set-basket,31,largest-text-set-basket-more-4.jpg,,,accessibility5,,
largest-text-set-basket-more-5,largest-text-set-basket,31,largest-text-set-basket-more-5.jpg,,,accessibility5,,
largest-text-set-summary,,31,largest-text-set-summary.jpg,Set totals · largest text,Largest accessibility text · basket,accessibility5,,
G-14-my-charms,,31,G-14-my-charms.jpg,My Charms · with your snap,Build your charm collection,large,,
G-15-wishlist,,31,G-15-wishlist.jpg,Wishlist · with besties,Build your charm collection,large,,
G-15-wishlist-more,G-15-wishlist,31,G-15-wishlist-more.jpg,,,large,,
G-15-wishlist-more-2,G-15-wishlist,31,G-15-wishlist-more-2.jpg,,,large,,
G-15-more-wishlist-shipping,,31,G-15-more-wishlist-shipping.jpg,Wishlist · shipping continuation,Build your charm collection,large,,
G-17-set-complete,,31,G-17-set-complete.jpg,Set complete,Build your charm collection,large,,
G-18-share-the-stack,,31,G-18-share-the-stack.jpg,Share the stack,Build your charm collection,large,,
OFFLINE-REGISTRATION,,31,OFFLINE-REGISTRATION.jpg,Register a physical-store purchase,Register an in-person purchase,large,,
OFFLINE-REGISTRATION-more,OFFLINE-REGISTRATION,31,OFFLINE-REGISTRATION-more.jpg,,,large,,
purchase-registration-proof,,31,purchase-registration-proof.jpg,Private evidence + send for review,Register an in-person purchase,large,,
purchase-registration-proof-more,purchase-registration-proof,31,purchase-registration-proof-more.jpg,,,large,,
purchase-registration-largest,,31,purchase-registration-largest.jpg,Registration · largest text,Register an in-person purchase,accessibility5,,
purchase-registration-largest-more,purchase-registration-largest,31,purchase-registration-largest-more.jpg,,,accessibility5,,
purchase-registration-largest-more-2,purchase-registration-largest,31,purchase-registration-largest-more-2.jpg,,,accessibility5,,
purchase-registration-largest-more-3,purchase-registration-largest,31,purchase-registration-largest-more-3.jpg,,,accessibility5,,
purchase-registration-largest-proof,,31,purchase-registration-largest-proof.jpg,Registration proof · largest text,Register an in-person purchase,accessibility5,,
purchase-registration-largest-proof-more,purchase-registration-largest-proof,31,purchase-registration-largest-proof-more.jpg,,,accessibility5,,
purchase-registration-largest-proof-more-2,purchase-registration-largest-proof,31,purchase-registration-largest-proof-more-2.jpg,,,accessibility5,,
purchase-registration-largest-proof-more-3,purchase-registration-largest-proof,31,purchase-registration-largest-proof-more-3.jpg,,,accessibility5,,
purchase-registration-largest-proof-more-4,purchase-registration-largest-proof,31,purchase-registration-largest-proof-more-4.jpg,,,accessibility5,,
purchase-registration-largest-proof-more-5,purchase-registration-largest-proof,31,purchase-registration-largest-proof-more-5.jpg,,,accessibility5,,
G-20-club,,31,G-20-club.jpg,Club · bestie switcher,"Club, besties and codes",large,,
G-20B-bestie-club-page,,31,G-20B-bestie-club-page.jpg,Bestie Club page,"Club, besties and codes",large,,
G-21-invite,,31,G-21-invite.jpg,Invite,"Club, besties and codes",large,,
X-02-add-friend-by-code,,31,X-02-add-friend-by-code.jpg,Add friend by code,"Club, besties and codes",large,,
X-03-friend-code-management,,31,X-03-friend-code-management.jpg,Friend code management,"Club, besties and codes",large,,
G-28-pick-your-code,,31,,Custom code picker · future preview,"Club, besties and codes",,True,Future custom-code picker: not enabled in the launch app. Existing generated friend codes and their management are implemented.
G-19-achievements,,31,G-19-achievements.jpg,Achievements,Badges,large,,
BUILD29-BADGE-DETAIL,,31,BUILD29-BADGE-DETAIL.jpg,Locked badge · how to earn it,Badges,large,,
G-31-badge-catalogue,,31,G-31-badge-catalogue.jpg,Badge catalogue,Badges,large,,
G-31-badge-catalogue-more,G-31-badge-catalogue,31,G-31-badge-catalogue-more.jpg,,,large,,
G-31-more-badge-catalogue,,31,G-31-more-badge-catalogue.jpg,Badge catalogue · continuation,Badges,large,,
G-24-settings,,31,G-24-settings.jpg,Settings,Settings,large,,
G-24-settings-more,G-24-settings,31,G-24-settings-more.jpg,,,large,,
G-24-more-settings,,31,G-24-more-settings.jpg,Settings · continuation,Settings,large,,
BUILD29-FIRST-NAME,,31,BUILD29-FIRST-NAME.jpg,Edit your first name,Settings,large,,
G-29-a-bestie-s-charms,,31,G-29-a-bestie-s-charms.jpg,A bestie’s charms,Wishlist & friends,large,,
G-29-a-bestie-s-charms-more,G-29-a-bestie-s-charms,31,G-29-a-bestie-s-charms-more.jpg,,,large,,
G-29-a-bestie-s-charms-more-2,G-29-a-bestie-s-charms,31,G-29-a-bestie-s-charms-more-2.jpg,,,large,,
G-29-more-a-bestie-s-charms,,31,G-29-more-a-bestie-s-charms.jpg,A bestie’s charms · continuation,Wishlist & friends,large,,
G-30-a-bestie-s-wishlist,,31,G-30-a-bestie-s-wishlist.jpg,A bestie’s wishlist,Wishlist & friends,large,,
G-30-a-bestie-s-wishlist-more,G-30-a-bestie-s-wishlist,31,G-30-a-bestie-s-wishlist-more.jpg,,,large,,
G-30-more-a-bestie-s-wishlist,,31,G-30-more-a-bestie-s-wishlist.jpg,A bestie’s wishlist · continuation,Wishlist & friends,large,,
X-04-import-shared-wishlist,,31,X-04-import-shared-wishlist.jpg,Import shared wishlist,Wishlist & friends,large,,
X-05-private-bestie-wishlist,,31,X-05-private-bestie-wishlist.jpg,Private bestie wishlist,Wishlist & friends,large,,
G-22-gift-sheet,,31,G-22-gift-sheet.jpg,Gift sheet,Wishlist & friends,large,,
X-01-gift-inbox-signed-out,,31,X-01-gift-inbox-signed-out.jpg,Gift inbox · signed out,"Receive, reveal & share",large,,
X-08-gift-inbox-signed-in-empty,,31,X-08-gift-inbox-signed-in-empty.jpg,"Gift inbox · signed in, empty","Receive, reveal & share",large,,
X-09P-gift-inbox-paid-concealed,,31,X-09P-gift-inbox-paid-concealed.jpg,"Gift inbox · paid, concealed","Receive, reveal & share",large,,
X-09-gift-inbox-paid-and-revealed,,31,X-09-gift-inbox-paid-and-revealed.jpg,Gift inbox · paid and revealed,"Receive, reveal & share",large,,
G-23-gift-confirmed,,31,G-23-gift-confirmed.jpg,Gift confirmed,"Receive, reveal & share",large,,
G-32-share-new-snap,,31,G-32-share-new-snap.jpg,Share new snap,"Receive, reveal & share",large,,
G-33-share-gift,,31,G-33-share-gift.jpg,Share gift,"Receive, reveal & share",large,,
G-34-share-badge,,31,G-34-share-badge.jpg,Share badge,"Receive, reveal & share",large,,
X-06-your-snap-crop,,31,X-06-your-snap-crop.jpg,Your Snap crop,"Receive, reveal & share",large,,
M-01-sharing-privacy,,31,M-01-sharing-privacy.jpg,Sharing & privacy sheet,"Who sees what, and where it came from",large,,
M-01-sharing-privacy-more,M-01-sharing-privacy,31,M-01-sharing-privacy-more.jpg,,,large,,
M-01-sharing-privacy-more-2,M-01-sharing-privacy,31,M-01-sharing-privacy-more-2.jpg,,,large,,
M-02-private-review,,31,M-02-private-review.jpg,Back to shared · review private wishes,"Who sees what, and where it came from",large,,
M-03-your-orders,,31,M-03-your-orders.jpg,Your orders,"Who sees what, and where it came from",large,,
M-04-your-orders-empty,,31,M-04-your-orders-empty.jpg,Your orders · empty,"Who sees what, and where it came from",large,,
M-05-checkout-return,,31,M-05-checkout-return.jpg,Back from Shopify checkout,"Coming back, starting fresh, claiming and leaving",large,,
M-06-sync-zero,,31,M-06-sync-zero.jpg,First sync · no orders found,"Coming back, starting fresh, claiming and leaving",large,,
M-07-registration-history,,31,M-07-registration-history.jpg,Added by hand · claim history,"Coming back, starting fresh, claiming and leaving",large,,
M-08-delete-account,,31,M-08-delete-account.jpg,Delete account · confirm,"Coming back, starting fresh, claiming and leaving",large,,
M-09-sign-in-failed,,31,M-09-sign-in-failed.jpg,Sign-in didn’t finish,"Calm, specific, one way forward",large,,
M-10-sync-failed,,31,M-10-sync-failed.jpg,Order sync failed,"Calm, specific, one way forward",large,,
M-11-offline,,31,M-11-offline.jpg,No connection · My Charms,"Calm, specific, one way forward",large,,
M-11-offline-more,M-11-offline,31,M-11-offline-more.jpg,,,large,,
M-11-offline-more-2,M-11-offline,31,M-11-offline-more-2.jpg,,,large,,
M-12-basket-quote-failed,,31,M-12-basket-quote-failed.jpg,Basket · Shopify can’t confirm prices,"Calm, specific, one way forward",large,,
W-01-shared-wishlist,,31,W-01-shared-wishlist.jpg,Shared wishlist · web,The highest-intent link: someone wants to buy Claire a present,large,,
W-01-shared-wishlist-more,W-01-shared-wishlist,31,W-01-shared-wishlist-more.jpg,,,large,,
W-01-shared-wishlist-more-2,W-01-shared-wishlist,31,W-01-shared-wishlist-more-2.jpg,,,large,,
W-02-gift-bag,,31,W-02-gift-bag.jpg,Added · mark as a secret gift,The highest-intent link: someone wants to buy Claire a present,large,,
W-02-gift-bag-more,W-02-gift-bag,31,W-02-gift-bag-more.jpg,,,large,,
W-03-gift-thanks,,31,W-03-gift-thanks.jpg,Order confirmed · app invite,The highest-intent link: someone wants to buy Claire a present,large,,
W-04-shared-stack,,31,W-04-shared-stack.jpg,Shared stack · shop the look,"Every other link, and the hand-off into the app",large,,
W-04-shared-stack-more,W-04-shared-stack,31,W-04-shared-stack-more.jpg,,,large,,
W-05-bestie-invite,,31,W-05-bestie-invite.jpg,Bestie invite · web,"Every other link, and the hand-off into the app",large,,
W-05-bestie-invite-more,W-05-bestie-invite,31,W-05-bestie-invite-more.jpg,,,large,,
W-06-private-link,,31,W-06-private-link.jpg,Besties-only or private link,"Every other link, and the hand-off into the app",large,,
W-06-private-link-more,W-06-private-link,31,W-06-private-link-more.jpg,,,large,,
W-07-app-first-open,,31,,App · first open from a link,"Every other link, and the hand-off into the app",,True,The designed first-open/deferred-install invitation screen is not implemented. Installed-app manual link handling uses the captured X-04 import view; it is not substituted for this distinct design.
